file,start,title
210.json,0:09,Graph Theory and Function Representations in Diagrams
210.json,11:32,Seven Linked Edges Clue Zero Vertex Connection
210.json,16:14,Graph Pairing Dynamics
210.json,16:51,Graph Isomorphism Problem in Mathematical Structures
210.json,18:22,Bisected Isomorphic Pair Vertex Sets Example
210.json,20:05,Bisected Implied Isomorphism Conditions in Mapping Amplitudes and Vertices
210.json,21:21,Isomorphic Graph Preservation Mean Condition Examples
210.json,23:15,Graph Symmetry and Adjacency in Triangles
210.json,23:59,Graph Isomorphism Trick
210.json,25:20,Mathematical Preservation of Seven Edges in RS Map Objects
210.json,26:34,Graph Isomorphism in Planar and Cubic Graphs with Eyesight Analogy
210.json,29:41,Graph Isomorphism Subsets Power Thinking
210.json,30:01,Inner and Outer Circle Isomorphism Possible?
210.json,32:28,Easy Graph Isomorphisms and Peterson Drawings
210.json,33:16,Write Representation Graphs Matrix Adjacency Vertex Connectedness
210.json,35:56,Symmetric Graph Lengths List Example
210.json,36:32,Vertex Representation in Graph Theory
210.json,40:06,Sum of Degrees in Graphs Turns Key Case Study
210.json,42:27,Texas Vertex Counting Summation
210.json,43:16,Degree Equal Proof Cycle Graph Regularity Vertex Connectedness
210.json,44:25,Consecutive Paths in Graph Theory
210.json,45:29,Valid Adjacent Sequences in Graph Theory
210.json,4:15,Nodes in Mathematical Networks
210.json,50:02,Eulerian Cycle Vertex Requirement
210.json,52:38,Euler's Konigsberg Bridge Problem Solution
210.json,54:35,Euler's Work on Graph Traversal Problems
210.json,57:14,Repeated Paths in Connected Graphs
210.json,57:58,Write Path Definition Automatic Implication Transitivity Connection Sequence Join Walk Reflexivity Start Mean
210.json,58:53,Class and Rivers Equivalence Partitioning
210.json,5:00,Couple Meeting Rules Discussion
210.json,60:01,Euler's Marriage Theorem in Graph Theory Session Today
210.json,8:12,Answers in Handshakes and Present Interactions Among People
